,NUTS_ID,Area,overview-main-road-network,local_oneway_km,local_twoway_km,local_contra_km,overview-local-road-network,ratio_contraflow,overview-cycle_tracks-km,overview-cycle_lanes-km,overview-shared_pedestrians-km,overview-limited-access-km,overview-total-cycle-infrastructure,overview-busways-km,overview-cycle_streets-km,overview-ext-cycle-infrastructure,ratio-cycle_tracks-main_roads,ratio-cycle_infra-main_roads,sum_total_surface,sum_total_smoothness,sum_total_width,type-pedestrian-bidirectional,surface_type-limited_access-blocks_slabs_cobbles-km,surface_type-limited_access-gravel_dirt-km,surface_type-limited_access-unknown-km,surface_type-track-blocks_slabs_cobbles-km,surface_type-track-unknown-km,surface_type-track-asphalt_concrete-km,surface_type-track-gravel_dirt-km,surface_type-track-stabilised_gravel-km,surface_type-track-unrecognised-km,surface_type-shared_pedestrians-asphalt_concrete-km,surface_type-shared_pedestrians-blocks_slabs_cobbles-km,surface_type-shared_pedestrians-gravel_dirt-km,surface_type-shared_pedestrians-stabilised_gravel-km,surface_type-shared_pedestrians-unknown-km,surface_type-shared_pedestrians-unrecognised-km,surface_type-limited_access-asphalt_concrete-km,surface_type-limited_access-stabilised_gravel-km,surface_type-limited_access-unrecognised-km,surface_type-lanes-asphalt_concrete-km,surface_type-lanes-blocks_slabs_cobbles-km,surface_type-lanes-gravel_dirt-km,surface_type-lanes-stabilised_gravel-km,surface_type-lanes-unknown-km,surface_type-lanes-unrecognised-km,surface_quality-limited_access-unknown-km,surface_quality-track-unknown-km,surface_quality-track-perfectly_rideable-km,surface_quality-track-well_rideable-km,surface_quality-track-moderatly_rideable-km,surface_quality-track-badly_rideable-km,surface_quality-track-not_rideable-km,surface_quality-shared_pedestrians-perfectly_rideable-km,surface_quality-shared_pedestrians-well_rideable-km,surface_quality-shared_pedestrians-moderatly_rideable-km,surface_quality-shared_pedestrians-badly_rideable-km,surface_quality-shared_pedestrians-not_rideable-km,surface_quality-shared_pedestrians-unknown-km,surface_quality-limited_access-perfectly_rideable-km,surface_quality-limited_access-well_rideable-km,surface_quality-limited_access-moderatly_rideable-km,surface_quality-limited_access-badly_rideable-km,surface_quality-limited_access-not_rideable-km,surface_quality-lanes-perfectly_rideable-km,surface_quality-lanes-well_rideable-km,surface_quality-lanes-moderatly_rideable-km,surface_quality-lanes-badly_rideable-km,surface_quality-lanes-not_rideable-km,surface_quality-lanes-unknown-km,type-limited_access-bidirectional,type-track-bidirectional,type-shared_pedestrians-bidirectional,type-lane-unidirectional,type-track-unidirectional,type-busway-unidirectional,type-shared_pedestrians-unidirectional,type-street-bidirectional,type-pedestrian-unidirectional,type-limited_access-unidirectional,type-lane-bidirectional,type-street-unidirectional,type-busway-bidirectional,CNTR_CODE,Lat,Lon,NUTS_NAME,overview-segregated_infra,segregated_cycle_infra_ratio,overview-public_roads,cycle_infra_to_all_public,without_contraflow_cycling,cycle_tracks_to_main-roads,cycle_lanes_to_main-roads,shared_pedestrians_to_main-roads,cycle_tracks_to_public_roads,cycle_lanes_to_public_roads,shared_pedestrians_to_public_roads,busway_to_public_roads,cycle_street_to_public_roads,limited_access_to_public_roads,percent_surface_type-track-asphalt_concrete,percent_surface_type-track-blocks_slabs_cobbles,percent_surface_type-track-stabilised_gravel,percent_surface_type-track-gravel_dirt,percent_surface_type-track-unrecognised,percent_surface_type-track-unknown,percentage_with_surface_tag,percentage_with_smoothness_tag,percentage_with_width_tag,aditional_data,bidirectional-tracks-share,unidirectional-tracks-share,DATE_PBF
0,AL,28799.7,8315.9,153.6,22962.4,0.6,23116.6,0.4,71.7,20.5,24.6,68.3,185.2,0.2,3.2,188.6,0.9,0.2,134.2,117.6,8.4,59.0,1.6,64.9,1.5,12.3,27.7,31.8,0.0,0.0,0.0,7.6,6.2,9.6,0.0,1.2,0.0,0.3,0.0,0.0,0.0,0.0,0.0,0.0,0.0,0.0,3.4,38.5,28.7,4.5,0.0,0.0,0.0,4.0,1.5,13.8,0.2,0.0,5.1,0.3,0.0,43.0,18.3,3.3,0.0,0.0,0.0,0.0,0.0,0.0,68.3,55.9,23.7,20.5,15.8,0.2,0.9,3.2,0.0,0.0,0.0,0.0,0.0,AL,41.1,20.1,Albania,116.8,1.4,31432.5,0.6,99.6,0.9,0.2,0.3,0.2,0.1,0.1,0.0,0.0,0.2,44.3,17.1,0.0,0.0,0.0,38.6,72.5,63.5,4.5,46.9,77.9,22.1,25/07/2023
1,AT,83944.9,44847.1,1222.2,81823.5,574.0,83619.7,32.0,4363.8,530.8,2214.3,4082.5,11191.4,19.2,75.5,11286.1,9.7,10.4,7763.5,1552.8,1398.6,4663.9,94.8,1198.4,1042.7,181.3,1368.1,2460.6,215.9,136.3,1.6,1311.0,58.1,249.4,109.1,486.3,0.4,1387.1,356.3,3.3,0.0,0.0,0.0,0.0,0.0,0.0,936.0,3634.0,318.5,278.2,115.1,14.6,3.2,145.0,334.9,173.0,22.0,2.9,1536.4,96.7,914.6,1833.5,237.0,64.6,0.0,0.0,0.0,0.0,0.0,0.0,4066.2,4040.6,2086.1,527.5,323.2,19.2,128.2,73.3,17.4,16.3,3.4,2.2,0.0,AT,47.7,14.7,Austria,7108.9,15.9,128466.8,8.8,68.0,9.7,1.2,4.9,3.4,0.4,1.7,0.0,0.1,3.2,56.4,4.2,3.1,4.9,0.0,31.4,69.4,13.9,12.5,31.9,92.6,7.4,25/07/2023
2,BE,30666.2,34762.3,2287.8,64435.7,2477.9,69201.5,52.0,11674.4,3522.2,636.6,3499.1,19332.4,19.0,719.1,20070.5,33.6,25.1,7964.0,827.7,2100.5,4161.0,216.0,340.0,855.9,1040.5,6847.3,3520.1,125.4,140.7,0.4,326.0,81.1,45.2,41.3,142.9,0.1,1920.8,161.5,4.9,0.0,0.0,0.0,0.0,0.0,0.0,2505.3,11075.5,273.6,201.9,96.5,25.4,1.5,39.9,35.1,22.0,2.9,1.8,534.8,75.5,493.0,345.2,62.5,17.7,0.0,0.0,0.0,0.0,0.0,0.0,3471.8,6815.6,622.8,3019.7,4858.9,19.0,13.8,551.7,15.5,27.3,502.5,167.3,0.0,BE,50.5,5.0,Belgium,15833.3,45.5,103963.8,19.3,48.0,33.6,10.1,1.8,11.2,3.4,0.6,0.0,0.7,3.4,30.2,8.9,1.2,1.1,0.0,58.7,41.2,4.3,10.9,18.8,58.4,41.6,26/07/2023
3,BG,110994.2,25634.3,1017.7,69897.5,1.4,70916.5,0.1,264.5,54.8,37.1,196.7,553.2,0.0,19.8,573.0,1.0,0.5,337.2,95.2,56.2,717.5,4.2,82.8,24.1,14.8,131.0,111.4,7.4,0.0,0.0,19.8,9.1,0.5,1.6,6.0,0.0,84.2,1.4,0.0,0.0,0.0,0.0,0.0,0.0,0.0,96.8,245.6,7.1,11.6,0.1,0.0,0.0,3.9,11.2,4.2,1.1,0.0,16.7,3.2,31.5,23.7,19.8,21.6,0.0,0.0,0.0,0.0,0.0,0.0,196.6,243.0,37.1,43.0,21.5,0.0,0.0,19.8,0.0,0.2,11.8,0.0,0.0,BG,42.7,25.4,Bulgaria,356.4,1.4,96550.8,0.6,99.9,1.0,0.2,0.1,0.3,0.1,0.0,0.0,0.0,0.2,42.1,5.6,0.0,2.8,0.0,49.5,61.0,17.2,10.2,29.4,91.9,8.1,26/07/2023
4,CH,41286.4,25577.6,810.9,47288.6,314.1,48413.7,27.9,1549.3,1877.7,1265.0,2735.1,7427.1,33.1,6.6,7466.9,6.1,8.0,3754.5,382.1,416.9,4184.0,101.5,636.3,888.6,42.7,653.8,802.8,34.6,15.1,0.3,837.8,29.6,99.8,44.8,252.5,0.5,892.8,214.8,1.1,0.0,0.0,0.0,0.0,0.0,0.0,961.3,1418.0,60.9,60.4,7.7,2.2,0.1,81.7,73.5,59.4,3.7,0.6,1046.0,41.4,681.8,990.4,39.4,20.7,0.0,0.0,0.0,0.0,0.0,0.0,2709.9,1198.9,1162.0,1877.0,350.4,33.1,103.0,6.3,28.1,25.2,0.7,0.3,0.0,CH,46.7,8.4,Switzerland,4692.1,18.3,73991.3,10.1,72.1,6.1,7.3,4.9,2.1,2.5,1.7,0.0,0.0,3.7,51.8,2.8,1.0,2.2,0.0,42.2,50.6,5.1,5.6,20.4,77.4,22.6,26/07/2023
5,CY,9256.7,6596.3,280.9,13214.8,0.0,13495.7,0.0,163.9,9.7,18.9,49.4,242.0,0.0,2.4,244.4,2.5,0.0,146.2,12.1,22.6,219.0,2.3,29.1,10.6,10.8,67.7,78.8,2.7,3.8,0.1,2.4,1.6,7.1,0.0,7.8,0.0,7.5,0.0,0.0,0.0,0.0,0.0,0.0,0.0,0.0,17.2,154.8,1.6,2.3,5.3,0.0,0.0,0.4,0.0,0.0,0.0,0.0,18.5,0.0,5.2,25.2,1.8,0.0,0.0,0.0,0.0,0.0,0.0,0.0,49.4,161.3,18.9,9.7,2.6,0.0,0.0,2.4,0.2,0.0,0.0,0.0,0.0,CY,35.2,33.5,Cyprus,192.5,2.9,20092.0,1.2,100.0,2.5,0.1,0.3,0.8,0.0,0.1,0.0,0.0,0.2,48.0,6.6,2.3,1.7,0.1,41.3,60.4,5.0,9.4,24.9,98.4,1.6,25/07/2023
6,CZ,78873.3,61391.3,2479.2,52068.9,207.3,54755.5,7.7,3384.3,178.6,586.7,1509.4,5659.1,22.3,22.2,5703.6,5.5,1.5,4108.4,1266.8,560.0,4098.6,144.9,210.4,286.7,321.8,897.3,2012.4,84.6,67.4,0.7,196.7,30.2,99.9,68.4,188.1,3.5,800.3,67.1,0.0,0.0,0.0,0.0,0.0,0.0,0.0,503.5,2388.7,559.9,317.3,98.5,13.2,6.6,60.0,62.8,42.5,5.8,17.3,398.3,90.5,508.6,328.3,61.9,16.7,0.0,0.0,0.0,0.0,0.0,0.0,1497.4,3278.9,438.8,178.3,105.4,22.3,147.9,22.1,14.6,12.0,0.2,0.1,0.0,CZ,49.8,15.7,Czech Republic,4149.6,6.8,116146.8,4.9,92.3,5.5,0.3,1.0,2.9,0.2,0.5,0.0,0.0,1.3,59.5,9.5,2.0,2.5,0.0,26.5,72.6,22.4,9.9,35.0,96.9,3.1,26/07/2023
7,DE,357661.4,284217.6,10288.5,448256.1,3442.1,461986.7,25.1,27725.4,4300.9,61877.1,34108.2,128011.6,67.7,1516.9,129596.2,9.8,206.1,95968.1,26216.4,22175.0,54762.2,2472.0,6885.7,5845.4,2471.7,12591.3,11280.7,646.9,722.8,12.0,38917.7,8786.2,1743.6,3106.3,9305.9,17.3,14433.3,4440.4,31.3,0.0,0.0,0.0,0.0,0.0,0.0,6510.2,22873.3,1968.0,1967.1,763.1,119.9,34.0,5795.3,7890.0,2722.8,373.6,49.6,45045.7,1754.5,11741.4,12248.0,1553.9,300.2,0.0,0.0,0.0,0.0,0.0,0.0,34011.8,19315.5,59403.7,4260.4,8409.9,67.7,2473.4,1444.4,721.9,96.4,40.4,72.5,0.0,DE,51.0,10.1,Germany,93903.4,33.0,746204.3,17.4,74.9,9.8,1.5,21.8,3.7,0.6,8.3,0.0,0.2,4.6,40.7,8.9,2.6,2.3,0.0,45.4,75.0,20.5,17.3,37.6,69.7,30.3,26/07/2023
8,DK,43171.4,37339.9,454.0,59760.8,76.9,60291.7,14.5,12334.7,1374.2,1537.5,380.9,15627.4,0.4,10.4,15638.1,33.0,6.3,10591.0,392.0,588.9,2987.4,19.6,271.4,30.9,224.0,3387.7,8082.1,380.1,259.3,1.5,737.8,101.1,293.3,161.9,243.5,0.0,41.0,18.0,0.0,0.0,0.0,0.0,0.0,0.0,0.0,122.0,12022.2,135.0,123.8,46.0,7.3,0.3,8.4,16.2,125.9,8.6,6.5,1372.0,1.4,2.0,251.5,3.6,0.5,0.0,0.0,0.0,0.0,0.0,0.0,377.5,8510.3,1518.9,1363.7,3824.4,0.4,18.6,7.6,51.1,3.4,10.6,2.8,0.0,DK,56.1,9.3,Denmark,15246.5,40.8,97631.6,16.0,85.5,33.0,3.7,4.1,12.6,1.4,1.6,0.0,0.0,0.4,65.5,1.8,2.1,3.1,0.0,27.5,67.8,2.5,3.8,24.7,69.0,31.0,26/07/2023
9,EE,45345.0,17902.4,181.7,26747.3,7.0,26935.9,3.7,1708.4,43.3,340.3,43.0,2135.0,0.0,2.3,2137.3,9.5,0.8,2091.2,158.7,46.9,323.2,4.1,20.8,6.9,37.7,208.9,1400.2,8.5,53.2,0.0,287.6,12.3,1.6,5.4,33.4,0.0,9.0,2.0,0.2,0.0,0.0,0.0,0.0,0.0,0.0,32.2,1581.9,95.2,24.2,5.7,0.2,1.1,9.7,9.8,1.7,0.1,0.0,318.9,3.1,0.1,0.5,1.9,5.2,0.0,0.0,0.0,0.0,0.0,0.0,42.9,1700.0,339.2,34.3,8.4,0.0,1.1,2.3,0.0,0.1,8.9,0.0,0.0,EE,58.6,25.5,Estonia,2092.0,11.7,44838.4,4.8,96.3,9.5,0.2,1.9,3.8,0.1,0.8,0.0,0.0,0.1,82.0,2.2,3.1,0.5,0.0,12.2,97.9,7.4,2.2,35.9,99.5,0.5,26/07/2023
10,EL,131759.4,82518.5,5719.2,126489.6,7.9,132216.6,0.1,247.5,19.4,48.4,211.4,526.7,0.7,5.8,533.2,0.3,0.5,490.0,106.8,71.0,260.5,11.4,110.4,55.2,18.2,121.7,68.5,37.7,1.4,0.0,26.5,11.4,0.0,0.4,10.0,0.0,29.0,5.3,0.1,0.0,0.0,0.0,0.0,0.0,0.0,149.7,217.4,16.6,8.5,4.9,0.1,0.0,9.9,1.8,3.2,0.0,0.0,33.4,5.5,0.3,5.0,42.2,8.7,0.0,0.0,0.0,0.0,0.0,0.0,210.2,216.3,41.0,16.3,31.3,0.7,7.3,5.8,1.1,1.2,3.1,0.0,0.0,EL,39.6,21.6,Greece,315.3,0.4,214735.1,0.2,99.9,0.3,0.0,0.1,0.1,0.0,0.0,0.0,0.0,0.1,27.7,7.4,0.6,15.2,0.0,49.2,93.0,20.3,13.5,42.3,87.4,12.6,26/07/2023
11,ES,498556.2,229999.8,36008.1,253902.3,117.4,290027.8,0.3,9522.1,424.4,1502.0,4480.2,15928.7,13.3,143.3,16085.3,4.1,4.7,8179.8,1663.9,1906.7,10644.5,154.3,2120.3,1407.1,926.1,5511.9,2272.5,529.1,277.8,4.7,174.2,168.3,237.1,194.2,728.1,0.0,402.8,385.0,10.7,0.0,0.0,0.0,0.0,0.0,0.0,911.3,8583.2,233.3,241.8,271.7,184.0,8.2,35.4,45.4,299.8,5.8,0.2,1115.5,15.6,1024.8,1846.0,617.7,64.7,0.0,0.0,0.0,0.0,0.0,0.0,4451.3,9012.9,1485.7,381.3,509.2,13.3,16.3,107.8,25.7,28.9,43.1,35.5,0.0,ES,40.4,-3.1,Spain,11448.5,5.0,520027.6,3.1,99.7,4.1,0.2,0.7,1.8,0.1,0.3,0.0,0.0,0.9,23.9,9.7,2.9,5.6,0.0,57.9,51.4,10.4,12.0,24.6,94.7,5.3,26/07/2023
12,FI,337522.4,86682.2,412.0,159804.3,16.1,160232.3,3.8,22076.7,49.0,441.3,1540.4,24107.5,0.1,12.2,24119.8,25.5,5.3,22629.9,763.2,1992.4,3771.5,90.4,794.1,249.3,3948.5,5951.5,9601.5,1553.9,1020.3,1.0,185.6,24.0,111.1,14.1,103.6,2.9,323.0,82.3,1.3,0.0,0.0,0.0,0.0,0.0,0.0,1248.9,21503.4,114.1,174.8,256.9,27.3,0.2,3.2,9.7,3.3,4.6,22.2,398.4,4.6,24.6,171.5,75.7,15.2,0.0,0.0,0.0,0.0,0.0,0.0,1536.3,21913.4,434.3,48.6,163.3,0.1,7.1,12.2,9.4,4.1,0.4,0.0,0.0,FI,64.7,27.7,Finland,22567.1,26.0,246914.5,9.8,96.2,25.5,0.1,0.5,8.9,0.0,0.2,0.0,0.0,0.6,43.5,17.9,4.6,7.0,0.0,27.0,93.9,3.2,8.3,35.1,99.3,0.7,27/07/2023
13,FR,548942.2,473049.7,25608.5,674279.9,4326.0,704214.4,14.5,17318.1,8173.6,12586.6,6100.6,44179.0,397.0,162.1,44738.0,3.7,10.1,36005.4,6102.2,4201.4,18162.9,330.5,1696.1,1574.8,486.0,6740.5,8818.5,493.7,770.5,8.9,4681.1,522.9,1043.7,2532.0,3800.6,6.3,1882.6,604.2,12.4,0.0,0.0,0.0,0.0,0.0,0.0,4519.0,14501.5,1942.3,519.3,283.5,64.8,6.8,892.2,428.4,256.6,109.6,12.1,10887.7,293.1,191.0,169.3,752.6,175.5,0.0,0.0,0.0,0.0,0.0,0.0,5984.5,15119.0,12136.5,8112.3,2199.1,397.0,450.2,134.7,131.3,116.2,61.3,27.4,0.0,FR,46.8,2.6,France,38078.3,8.0,1177264.1,3.8,85.5,3.7,1.7,2.7,1.5,0.7,1.1,0.0,0.0,0.5,50.9,2.8,4.4,2.9,0.1,38.9,81.5,13.8,9.5,34.9,87.3,12.7,27/07/2023
14,HR,56516.3,30594.8,650.0,32462.6,8.2,33120.9,1.3,485.0,117.7,272.6,313.3,1188.6,0.0,9.7,1198.3,1.6,0.9,1069.2,204.1,194.8,1186.3,17.2,184.3,37.5,7.2,165.4,266.5,42.1,3.7,0.0,175.8,10.1,12.7,16.0,58.0,0.0,50.0,22.3,1.9,0.0,0.0,0.0,0.0,0.0,0.0,203.7,437.0,25.8,14.1,1.0,3.0,4.3,11.5,31.5,1.6,0.0,1.4,226.6,0.9,2.5,20.1,49.1,37.0,0.0,0.0,0.0,0.0,0.0,0.0,310.2,443.1,209.4,115.7,41.9,0.0,63.2,6.1,0.9,3.1,2.0,3.6,0.0,HR,44.6,15.5,Croatia,875.2,2.9,63715.7,1.9,98.7,1.6,0.4,0.9,0.8,0.2,0.4,0.0,0.0,0.5,54.9,1.5,0.8,8.7,0.0,34.1,90.0,17.2,16.4,41.2,91.4,8.6,28/07/2023
15,HU,93009.1,36821.1,1874.2,54149.3,225.7,56249.2,10.7,4445.1,323.7,139.7,736.2,5644.6,17.3,1.5,5663.4,12.1,3.1,5317.8,1996.8,750.3,494.6,69.7,124.2,36.8,223.3,1163.9,3046.2,4.8,6.9,0.1,67.2,20.1,11.4,17.1,23.9,0.0,425.7,79.8,0.0,0.0,0.0,0.0,0.0,0.0,0.0,412.9,2827.6,745.9,573.6,219.4,78.4,0.1,13.8,12.7,16.2,11.3,0.3,85.4,39.3,101.7,114.2,64.1,3.9,0.0,0.0,0.0,0.0,0.0,0.0,732.6,4367.6,138.5,320.7,77.5,17.3,1.1,1.5,0.4,3.6,3.0,0.0,0.0,HU,47.2,19.1,Hungary,4908.4,13.3,93070.3,6.1,89.3,12.1,0.9,0.4,4.8,0.3,0.2,0.0,0.0,0.8,68.5,5.0,0.2,0.1,0.0,26.2,94.2,35.4,13.3,47.6,98.3,1.7,28/07/2023
16,IE,69940.3,39849.8,279.2,69393.3,8.8,69681.3,3.1,1386.7,346.3,119.2,144.3,1996.4,30.7,1.5,2028.6,3.5,0.6,1624.0,105.8,227.6,314.3,4.3,53.9,28.7,78.5,560.7,460.7,134.6,150.4,1.7,58.8,4.4,21.5,1.3,32.6,0.5,54.7,2.6,0.1,0.0,0.0,0.0,0.0,0.0,0.0,135.5,1301.3,38.9,32.0,10.1,0.0,4.3,6.5,3.0,1.1,0.0,0.0,108.5,0.2,0.6,1.2,3.9,2.9,0.0,0.0,0.0,0.0,0.0,0.0,134.6,1065.3,118.3,345.1,321.3,30.7,0.9,0.3,1.8,9.8,1.2,1.2,0.0,IE,53.5,-7.9,Ireland,1852.1,4.6,109531.1,1.9,96.9,3.5,0.9,0.3,1.3,0.3,0.1,0.0,0.0,0.1,33.2,5.7,10.8,9.7,0.1,40.4,81.3,5.3,11.4,32.7,76.8,23.2,28/07/2023
17,IS,102697.1,12307.5,88.5,5022.0,0.2,5110.6,0.2,46.8,1.4,628.1,15.5,691.8,0.0,0.0,691.8,0.4,0.7,690.3,32.9,214.3,197.3,0.4,9.7,0.2,0.1,0.1,46.6,0.0,0.0,0.0,597.4,15.2,5.9,0.1,9.5,0.0,5.1,0.0,0.0,0.0,0.0,0.0,0.0,0.0,0.0,10.7,33.7,11.9,0.2,0.9,0.0,0.0,11.5,3.2,0.0,0.3,0.0,613.1,0.5,0.0,0.0,2.3,2.1,0.0,0.0,0.0,0.0,0.0,0.0,15.4,40.9,628.1,1.4,5.9,0.0,0.0,0.0,0.0,0.1,0.0,0.0,0.0,IS,65.3,-18.6,Iceland,676.3,5.5,17418.1,4.0,99.8,0.4,0.0,5.1,0.3,0.0,3.6,0.0,0.0,0.1,99.7,0.2,0.0,0.0,0.0,0.1,99.8,4.8,31.0,45.2,87.4,12.6,28/07/2023
18,IT,300650.3,230401.9,30369.9,366646.4,185.5,397201.8,0.6,14897.5,754.2,4253.7,6313.8,26219.1,19.6,199.7,26438.4,6.5,13.0,24584.5,3209.3,4472.5,21406.1,299.7,2935.6,1339.7,1036.9,5821.7,6379.9,1103.7,539.7,15.5,1616.9,463.8,771.6,294.5,1105.4,1.4,1253.3,461.4,24.2,0.0,0.0,0.0,0.0,0.0,0.0,4731.4,13796.6,318.2,549.2,155.8,70.7,6.9,78.0,610.1,68.5,42.3,13.2,3441.6,40.7,382.1,367.8,394.1,397.5,0.0,0.0,0.0,0.0,0.0,0.0,6217.7,14212.0,4144.2,687.7,685.4,19.6,109.5,191.7,80.6,96.0,66.5,8.0,0.0,IT,42.5,12.7,Italy,19905.3,8.6,627603.6,4.2,99.4,6.5,0.3,1.8,2.4,0.1,0.7,0.0,0.0,1.0,42.8,7.0,3.6,7.4,0.1,39.1,93.8,12.2,17.1,41.0,95.4,4.6,28/07/2023
19,LI,160.0,88.2,2.5,262.6,0.5,265.6,18.0,38.2,11.3,29.3,22.9,101.8,0.5,0.0,102.3,43.2,1.2,89.9,33.9,11.8,44.4,0.4,12.8,1.1,0.5,3.7,34.0,0.0,0.0,0.0,27.4,0.2,0.0,0.0,1.7,0.0,6.8,1.9,0.0,0.0,0.0,0.0,0.0,0.0,0.0,18.7,28.0,7.3,2.8,0.0,0.0,0.0,17.6,1.9,0.0,0.0,0.0,9.8,1.1,1.8,1.3,0.0,0.0,0.0,0.0,0.0,0.0,0.0,0.0,22.9,36.4,29.3,11.3,1.8,0.5,0.0,0.0,0.0,0.1,0.0,0.0,0.0,LI,47.2,9.5,Liechtenstein,78.8,89.3,353.8,28.9,82.0,43.2,12.8,33.2,10.8,3.2,8.3,0.1,0.0,6.5,89.0,1.4,0.0,0.0,0.0,9.6,88.4,33.3,11.6,44.4,95.4,4.6,29/07/2023
20,LT,64896.8,23661.8,171.4,47996.8,6.1,48174.3,3.5,414.7,20.6,1234.3,32.4,1702.0,0.0,0.1,1702.1,1.8,0.7,1681.2,56.2,114.4,401.6,1.2,15.0,12.4,35.2,187.0,191.0,1.3,0.2,0.0,592.7,193.3,21.1,4.9,422.0,0.3,3.7,0.0,0.0,0.0,0.0,0.0,0.0,0.0,0.0,32.4,403.9,8.4,1.0,0.9,0.5,0.0,25.8,3.1,11.6,4.8,0.0,1189.0,0.0,0.0,0.0,0.0,0.0,0.0,0.0,0.0,0.0,0.0,0.0,32.1,375.2,1231.9,17.6,39.5,0.0,2.4,0.1,0.1,0.4,3.0,0.0,0.0,LT,55.1,23.6,Lithuania,1669.6,7.1,71836.1,2.4,96.5,1.8,0.1,5.2,0.6,0.0,1.7,0.0,0.0,0.0,46.1,8.5,0.0,0.3,0.0,45.1,98.8,3.3,6.7,36.3,90.5,9.5,29/07/2023
21,LU,2596.0,3620.5,163.2,2407.6,30.3,2601.0,15.7,231.3,22.0,244.0,867.2,1364.5,1.1,7.3,1372.9,6.4,0.4,1340.7,493.9,112.3,497.0,38.1,70.8,74.1,17.7,8.8,200.9,2.8,1.1,0.1,174.9,47.4,5.2,10.5,6.0,0.1,653.5,30.6,0.0,0.0,0.0,0.0,0.0,0.0,0.0,534.6,158.4,67.6,4.2,1.1,0.0,0.0,66.7,18.1,2.8,0.7,0.0,155.7,109.1,144.9,50.6,25.3,2.8,0.0,0.0,0.0,0.0,0.0,0.0,864.1,225.5,243.5,21.9,5.8,1.1,0.5,6.9,0.9,3.1,0.1,0.4,0.0,LU,49.8,6.1,Luxembourg,497.3,13.7,6221.5,22.1,84.3,6.4,0.6,6.7,3.7,0.4,3.9,0.0,0.1,13.9,86.8,7.7,0.5,1.2,0.0,3.8,98.3,36.2,8.2,47.6,97.5,2.5,25/07/2023
22,LV,64586.8,24920.7,202.6,46495.4,3.6,46701.7,1.7,657.9,5.8,147.7,63.1,874.6,0.0,0.7,875.2,2.6,0.4,868.8,173.2,75.9,448.7,2.3,30.7,7.3,182.2,141.3,313.3,10.9,10.0,0.2,33.3,22.7,35.2,0.0,56.4,0.0,18.9,3.9,0.0,0.0,0.0,0.0,0.0,0.0,0.0,45.1,509.1,113.3,21.8,8.9,3.8,1.1,5.6,0.7,0.1,0.0,0.0,141.3,12.6,0.1,1.2,4.0,0.0,0.0,0.0,0.0,0.0,0.0,0.0,62.8,633.0,147.7,5.5,24.9,0.0,0.0,0.7,0.0,0.4,0.3,0.0,0.0,LV,56.8,24.7,Latvia,811.5,3.3,71622.4,1.2,98.3,2.6,0.0,0.6,0.9,0.0,0.2,0.0,0.0,0.1,47.6,27.7,1.5,1.7,0.0,21.5,99.3,19.8,8.7,42.6,96.2,3.8,29/07/2023
23,ME,13881.7,3059.7,46.4,13518.0,0.6,13565.1,1.4,12.9,9.1,8.6,22.9,53.5,0.0,0.0,53.5,0.4,0.0,44.4,17.3,9.5,17.6,5.9,10.4,1.9,0.0,7.1,5.8,0.0,0.0,0.0,8.0,0.0,0.0,0.0,0.6,0.0,4.7,0.0,0.0,0.0,0.0,0.0,0.0,0.0,0.0,12.2,11.8,1.1,0.0,0.0,0.0,0.0,5.5,0.0,0.0,0.0,0.0,3.1,0.0,1.7,0.0,0.0,8.9,0.0,0.0,0.0,0.0,0.0,0.0,22.9,7.3,8.6,9.1,5.6,0.0,0.0,0.0,0.0,0.0,0.0,0.0,0.0,ME,42.8,19.4,Montenegro,30.6,1.0,16624.7,0.3,98.6,0.4,0.3,0.3,0.1,0.1,0.1,0.0,0.0,0.1,45.2,0.0,0.0,0.0,0.0,54.8,83.1,32.3,17.8,44.4,56.6,43.4,29/07/2023
24,MK,25433.7,7187.6,90.8,11574.1,0.2,11665.1,0.2,78.9,4.0,9.5,59.6,152.0,0.0,0.0,152.0,1.1,0.2,148.0,20.3,9.8,98.1,1.6,40.7,16.9,3.9,17.4,29.3,28.0,0.2,0.0,4.3,1.6,0.0,0.0,3.6,0.0,0.4,0.0,0.0,0.0,0.0,0.0,0.0,0.0,0.0,56.7,63.8,15.0,0.0,0.0,0.0,0.0,1.3,0.0,0.0,1.0,0.0,7.2,0.1,0.0,0.0,0.0,2.9,0.0,0.0,0.0,0.0,0.0,0.0,59.6,66.7,9.5,4.0,12.1,0.0,0.0,0.0,0.0,0.0,0.0,0.0,0.0,MK,41.5,21.8,Macedonia,92.4,1.3,18852.6,0.8,99.8,1.1,0.1,0.1,0.4,0.0,0.1,0.0,0.0,0.3,37.2,5.0,0.3,35.4,0.0,22.1,97.3,13.4,6.4,39.1,84.6,15.4,29/07/2023
25,MT,313.9,720.2,326.1,1250.1,5.6,1581.7,1.7,22.5,11.8,2.2,2.2,38.7,0.6,0.0,39.3,3.1,0.1,21.5,0.1,1.0,27.2,1.1,0.0,0.2,0.0,13.2,9.3,0.0,0.0,0.0,0.8,0.6,0.0,0.0,0.8,0.0,0.9,0.0,0.0,0.0,0.0,0.0,0.0,0.0,0.0,2.1,22.5,0.0,0.0,0.0,0.0,0.0,0.0,0.0,0.0,0.0,0.0,2.2,0.0,0.1,0.0,0.0,0.0,0.0,0.0,0.0,0.0,0.0,0.0,2.1,16.8,2.2,11.8,5.7,0.6,0.0,0.0,0.0,0.1,0.0,0.0,0.0,MT,35.9,14.4,Malta,36.5,5.1,2302.0,1.7,98.3,3.1,1.6,0.3,1.0,0.5,0.1,0.0,0.0,0.1,41.2,0.0,0.0,0.0,0.0,58.8,55.6,0.2,2.5,19.4,74.8,25.2,29/07/2023
26,NL,37380.4,43793.2,2676.8,86576.2,3394.6,92647.7,55.9,31073.2,2754.5,652.7,1282.0,35762.3,0.0,408.8,36171.1,71.0,32.5,33007.9,9792.1,2954.9,2199.9,103.9,126.6,392.3,2639.6,9430.8,17064.6,245.9,1618.4,73.8,65.7,25.5,293.7,68.5,198.2,1.1,584.6,67.7,7.0,0.0,0.0,0.0,0.0,0.0,0.0,1019.8,21760.1,701.8,6968.5,1537.2,95.1,10.5,9.1,29.6,43.9,56.2,72.9,440.9,24.7,138.6,78.4,16.3,4.1,0.0,0.0,0.0,0.0,0.0,0.0,1254.1,26194.4,276.9,2752.9,4878.8,0.0,375.8,369.3,47.6,27.9,1.6,39.5,0.0,NL,52.0,5.4,Netherlands,34480.4,78.7,136440.9,26.5,44.1,71.0,6.3,1.5,22.8,2.0,0.5,0.0,0.3,0.9,54.9,8.5,5.2,0.8,0.2,30.4,92.3,27.4,8.3,42.6,84.3,15.7,29/07/2023
27,NO,386797.2,62326.5,411.8,81311.4,38.9,81762.1,8.6,9669.4,211.9,155.6,699.7,10736.6,0.0,0.8,10737.5,15.5,2.4,5243.1,264.5,164.1,2842.3,13.7,126.6,302.1,243.0,4918.6,4159.9,228.1,115.6,4.3,40.0,3.4,24.2,25.4,61.0,1.6,224.5,32.8,0.1,0.0,0.0,0.0,0.0,0.0,0.0,626.3,9398.7,165.9,66.3,35.5,2.5,0.5,0.4,4.6,6.0,0.2,2.1,142.3,8.9,18.2,33.2,12.8,0.4,0.0,0.0,0.0,0.0,0.0,0.0,698.2,9642.4,143.8,211.1,27.0,0.0,11.8,0.7,4.1,1.5,0.8,0.1,0.0,NO,60.5,8.5,Norway,10036.9,16.1,144088.6,7.5,91.4,15.5,0.3,0.2,6.7,0.1,0.1,0.0,0.0,0.5,43.0,2.5,1.2,2.4,0.0,50.9,48.8,2.5,1.5,17.6,99.7,0.3,29/07/2023
28,PL,311940.5,153873.0,4356.3,244479.4,445.4,249281.1,9.3,10242.9,466.1,8801.9,3018.4,22529.2,3.9,72.1,22605.2,6.7,13.0,21203.6,4680.8,1972.7,5880.5,264.9,852.1,667.9,1843.6,2424.5,5498.5,231.3,240.3,4.7,2580.0,3652.0,223.0,177.8,2161.6,7.3,894.2,325.0,14.3,0.0,0.0,0.0,0.0,0.0,0.0,1805.3,7841.1,1579.7,556.0,229.4,33.7,2.9,675.1,384.0,229.5,49.8,3.2,7460.4,252.5,308.5,413.6,190.1,48.4,0.0,0.0,0.0,0.0,0.0,0.0,2992.5,9917.0,8560.4,428.2,325.9,3.9,241.5,60.9,16.4,25.9,37.9,11.2,0.0,PL,52.0,19.1,Poland,19510.9,12.7,403154.1,5.6,90.7,6.7,0.3,5.7,2.5,0.1,2.2,0.0,0.0,0.7,53.7,18.0,2.3,2.3,0.0,23.7,94.1,20.8,8.8,41.2,96.8,3.2,25/07/2023
29,PT,91909.2,68365.8,4992.7,91957.0,8.8,96958.5,0.2,1375.5,89.7,213.1,618.3,2296.7,2.0,0.0,2298.6,2.0,0.8,2196.2,268.7,353.9,1064.5,48.8,363.4,102.4,198.4,549.3,465.9,87.9,65.6,8.4,47.6,42.1,25.8,7.4,89.5,0.8,49.5,36.3,17.9,0.0,0.0,0.0,0.0,0.0,0.0,469.2,1302.3,44.3,18.6,8.0,0.9,1.5,6.1,11.1,20.9,0.3,2.8,171.9,0.7,1.7,3.6,45.0,97.9,0.0,0.0,0.0,0.0,0.0,0.0,611.6,1283.7,212.1,88.0,91.8,2.0,1.0,0.0,4.6,6.6,1.7,0.0,0.0,PT,39.7,-8.1,Portugal,1678.4,2.5,165324.2,1.4,99.8,2.0,0.1,0.3,0.8,0.1,0.1,0.0,0.0,0.4,33.9,14.4,4.8,6.4,0.6,39.9,95.6,11.7,15.4,40.9,93.3,6.7,29/07/2023
30,RO,238368.6,73070.8,2008.5,110310.3,1.2,112320.1,0.1,746.3,138.6,164.9,632.9,1682.7,2.0,2.5,1687.2,1.0,1.0,1521.7,269.2,193.5,1503.9,16.5,501.3,64.5,31.4,351.0,272.8,52.0,5.2,33.9,78.9,20.4,7.9,8.8,47.9,1.0,20.2,29.8,0.5,0.0,0.0,0.0,0.0,0.0,0.0,476.9,645.5,20.2,27.9,11.6,40.9,0.2,2.6,6.4,0.0,0.0,0.0,156.0,3.7,4.7,7.0,73.0,67.6,0.0,0.0,0.0,0.0,0.0,0.0,631.4,680.1,134.7,132.1,66.2,2.0,30.2,2.5,4.6,1.5,6.5,0.0,0.0,RO,46.1,24.8,Romania,1049.8,1.4,185390.9,0.9,99.9,1.0,0.2,0.2,0.4,0.1,0.1,0.0,0.0,0.3,36.5,4.2,0.7,7.0,4.5,47.0,90.4,16.0,11.5,39.3,91.1,8.9,29/07/2023
31,RS,77487.7,21118.6,711.1,77181.6,2.1,77894.8,0.3,559.5,23.9,31.4,64.1,678.9,0.4,0.0,679.3,2.6,0.8,654.1,85.2,60.2,197.6,2.5,23.0,9.4,14.7,246.2,296.2,2.4,0.0,0.0,16.6,0.7,3.0,0.0,11.2,0.0,20.1,0.8,8.2,0.0,0.0,0.0,0.0,0.0,0.0,38.7,501.6,18.5,20.0,17.7,1.7,0.0,0.0,0.0,1.8,0.0,0.0,29.6,0.0,0.5,1.2,14.5,9.2,0.0,0.0,0.0,0.0,0.0,0.0,64.0,542.3,29.7,23.8,17.2,0.4,1.7,0.0,0.3,0.0,0.1,0.0,0.0,RS,44.1,20.9,Serbia,614.9,2.9,99013.4,0.7,99.7,2.6,0.1,0.1,0.6,0.0,0.0,0.0,0.0,0.1,52.9,2.6,0.0,0.4,0.0,44.0,96.3,12.5,8.9,39.3,96.9,3.1,29/07/2023
32,SE,449654.8,115055.0,1059.6,203546.1,72.3,204678.0,6.4,11738.2,227.3,12393.4,991.3,25350.2,1.0,12.7,25364.0,10.2,4.7,25117.7,946.9,730.9,3533.1,48.9,422.9,301.3,1036.7,4002.3,5778.2,721.0,199.6,0.4,6137.7,1309.2,685.2,188.4,4069.0,3.9,147.0,71.0,0.2,0.0,0.0,0.0,0.0,0.0,0.0,917.5,11347.8,211.1,112.9,54.6,9.1,2.6,214.1,115.7,68.3,38.7,45.6,11910.9,5.7,8.3,16.3,39.9,3.7,0.0,0.0,0.0,0.0,0.0,0.0,987.7,11477.9,12313.7,218.1,260.3,1.0,79.7,12.4,6.9,3.6,9.2,0.3,0.0,SE,60.5,14.9,Sweden,24358.9,21.2,319733.0,7.9,93.6,10.2,0.2,10.8,3.7,0.1,3.9,0.0,0.0,0.3,49.2,8.8,1.7,6.1,0.0,34.1,99.1,3.7,2.9,35.2,97.8,2.2,29/07/2023
33,SI,20271.7,10346.9,209.8,31546.1,18.1,31774.0,8.0,591.5,92.7,326.4,415.0,1425.5,0.5,1.9,1427.9,5.7,1.7,1309.0,341.4,260.1,542.7,8.1,241.8,51.2,9.5,228.8,338.4,13.2,1.6,0.0,188.0,3.5,44.6,10.8,79.4,0.0,57.6,55.7,0.6,0.0,0.0,0.0,0.0,0.0,0.0,252.2,502.2,67.2,14.5,6.2,0.0,1.3,56.3,7.5,22.7,2.0,0.0,237.9,16.6,6.1,13.0,97.3,29.8,0.0,0.0,0.0,0.0,0.0,0.0,413.0,474.2,218.2,92.0,117.3,0.5,108.2,1.9,2.8,2.0,0.7,0.0,0.0,SI,46.2,14.6,Slovenia,1010.5,9.8,42121.0,3.4,92.0,5.7,0.9,3.2,1.4,0.2,0.8,0.0,0.0,1.0,57.2,1.6,0.3,2.2,0.0,38.7,91.8,23.9,18.2,44.7,80.2,19.8,30/07/2023
34,SK,49023.9,20127.8,872.4,22050.5,36.5,22959.3,4.0,1058.0,45.7,132.5,375.6,1611.8,0.8,2.0,1614.7,5.3,0.7,1565.2,906.1,303.4,815.6,17.1,44.9,100.0,44.1,58.2,932.2,16.0,7.1,0.5,61.8,16.3,21.9,0.6,31.9,0.0,198.3,15.3,0.0,0.0,0.0,0.0,0.0,0.0,0.0,298.1,255.0,692.5,98.3,12.2,0.0,0.0,16.4,3.5,2.9,0.0,2.8,106.9,36.0,21.9,5.6,9.9,4.1,0.0,0.0,0.0,0.0,0.0,0.0,373.2,1039.5,129.6,44.1,18.5,0.8,2.9,2.0,34.3,2.4,1.6,0.0,0.0,SK,48.6,19.0,Slovakia,1236.2,6.1,43087.2,3.7,96.0,5.3,0.2,0.7,2.5,0.1,0.3,0.0,0.0,0.9,88.1,4.2,0.7,1.5,0.0,5.5,97.1,56.2,18.8,57.4,98.2,1.8,30/07/2023
35,TR,780375.8,350543.4,3856.5,352958.5,0.0,356815.0,0.0,848.9,43.2,22.8,189.7,1104.6,0.0,4.0,1108.6,0.2,0.2,1061.4,119.2,105.3,207.6,23.9,107.2,44.2,30.4,644.5,172.0,0.0,0.9,1.1,3.7,3.7,0.0,0.0,15.4,0.0,13.4,0.3,0.7,0.0,0.0,0.0,0.0,0.0,0.0,149.9,771.3,23.1,15.4,39.0,0.0,0.0,1.3,0.5,0.0,0.0,0.0,21.0,0.1,1.5,9.6,25.3,3.4,0.0,0.0,0.0,0.0,0.0,0.0,189.1,787.2,21.5,39.4,61.7,0.0,1.3,3.0,0.2,0.6,3.7,1.0,0.0,TR,39.1,35.7,Turkey,914.9,0.3,707358.4,0.2,100.0,0.2,0.0,0.0,0.1,0.0,0.0,0.0,0.0,0.0,20.3,3.6,0.1,0.0,0.1,75.9,96.1,10.8,9.5,38.8,92.7,7.3,30/07/2023
36,UK,244545.0,170892.0,5478.2,275238.2,244.5,280960.9,4.3,19864.4,1955.3,3348.4,3729.4,28897.6,245.8,12.7,29156.2,11.6,42.0,18255.2,2100.1,3097.3,9339.9,153.2,1276.4,940.4,1605.2,6695.4,9121.5,1602.1,810.1,30.2,1101.4,300.3,657.5,227.4,1051.3,10.5,1001.0,341.7,16.7,0.0,0.0,0.0,0.0,0.0,0.0,1769.1,18400.1,380.4,488.3,386.2,170.2,39.2,57.1,162.0,441.6,120.5,56.2,2511.1,13.4,382.7,1191.1,242.2,130.9,0.0,0.0,0.0,0.0,0.0,0.0,3682.7,18695.6,3272.3,1950.7,1168.9,245.7,76.1,12.6,33.2,46.7,4.6,0.2,0.2,UK,54.5,-2.3,United Kingdom,25168.2,14.7,451852.9,6.5,95.7,11.6,1.1,2.0,4.4,0.4,0.7,0.1,0.0,0.8,45.9,8.1,4.1,8.1,0.2,33.7,63.2,7.3,10.7,27.1,94.1,5.9,26/07/2023
